Login user, 2024-05-23 01:49:51
Login user, 2024-05-23 01:49:59
Sign up useranaa, 2024-05-23 01:53:52
Login user, 2024-05-23 01:56:08
Login user, 2024-05-23 01:57:07
Usermariapwanted to see all courses, 2024-05-23 01:57:11
Login user, 2024-05-23 02:36:36
Login user, 2024-05-23 02:37:21
Add course, 2024-05-23 02:37:52
User mariapwanted to see all courses, 2024-05-23 02:38:05
Login user, 2024-05-23 02:39:10
Login user, 2024-05-23 02:39:34
Add course, 2024-05-23 02:40:01
User mariapwanted to see all courses, 2024-05-23 02:40:09
Login user, 2024-05-23 02:42:22
Add course, 2024-05-23 02:43:16
User mariapwanted to see all courses, 2024-05-23 02:43:24
Login user, 2024-05-23 02:53:46
Add course, 2024-05-23 02:54:13
Login user, 2024-05-23 04:24:42
Add course, 2024-05-23 04:25:02
Login user, 2024-05-23 04:27:05
Login user, 2024-05-23 04:27:26
Add course, 2024-05-23 04:27:44
Login user, 2024-05-23 04:32:06
Sign up usermariaa, 2024-05-23 05:29:20
Login user, 2024-05-23 05:30:01
Login user, 2024-05-23 05:30:13
